"Abbey Road", 532, 
"Abbey Wood", 477, 
"Acton Central", 63, 
"Acton Main Line", 61, 
"Acton Town", 14, 65, 66
"Addington Village", 444, 
"Addiscombe", 448, 
"Aldgate", 339, 
"Aldgate East", 344, 
"All Saints", 418, 
"Alperton", 101, 
"Amersham", 36, 
"Ampere Way", 298, 
"Anerley", 316, 
"Angel", 273, 
"Archway", 373, 
"Arena", 451, 
"Arnos Grove", 390, 
"Arsenal", 365, 
"Avenue Road", 455, 
"Baker Street", 141, 142
"Balham", 188, 
"Bank", 281, 282, 
"Barbican", 0, 
"Barking", 506, 507,
"Barking Riverside", 508, 
"Barkingside", 556, 
"Barons Court", 81, 
"Battersea Power Station", 208, 
"Bayswater", 146, 
"Beckenham Hill", 467, 
"Beckenham Junction", 457, 
"Beckenham Road", 456, 
"Beckton", 481, 
"Beckton Park", 484, 
"Becontree", 510, 
"Beddington Lane", 296, 
"Belgrave Walk", 176, 
"Bellingham", 438, 
"Belsize Park", 251, 
"Bermondsey", 328, 
"Bethnal Green (Central line)", 347, 
"Bethnal Green (Weaver line)", 351, 
"Bickley", 463, 
"Birkbeck", 454, 
"Blackfriars", 284, 
"Blackhorse Lane", 449, 
"Blackhorse Road", 541, 542, 
"Blackwall", 498, 
"Bond Street", 233, 234, 
"Borough", 329, 
"Boston Manor", 11, 
"Bounds Green", 389, 
"Bow Church", 415, 
"Bow Road", 0, 
"Brent Cross", 266, 
"Brent Cross West", 257, 
"Brentwood", 520, 
"Brixton", 192, 
"Brockley", 321, 
"Bromley-by-Bow", 499, 
"Bromley South", 464, 
"Brondesbury", 132, 
"Brondesbury Park", 131, 
"Bruce Grove", 403, 
"Buckhurst Hill", 565, 
"Burnham", 27, 
"Burnt Oak", 260, 
"Bush Hill Park", 399, 
"Bushey", 117, 
"Caledonian Road", 363, 
"Caledonian Road & Barnsbury", 362, 
"Cambridge Heath", 352, 
"Camden Road", 272, 
"Camden Town", 249, 
"Canada Water", 326, 
"Canary Wharf", 422, 423,
"Canning Town", 495, 496,
"Cannon Street", 0, 
"Canonbury", 357, 
"Canons Park", 121, 
"Carpenders Park", 116, 
"Carshalton", 171, 
"Catford", 437, 
"Centrale", 302, 
"Chadwell Heath", 524, 
"Chalfont & Latimer", 38, 
"Chalk Farm", 250, 
"Chancery Lane", 278, 
"Charing Cross", 224, 
"Charlton", 472, 
"Chesham", 37, 
"Cheshunt", 394, 
"Chigwell", 560, 
"Chingford", 543, 
"Chiswick Park", 67, 
"Chorleywood", 39, 
"Church Street", 307, 
"City Thameslink", 279, 
"Clapham Common", 190, 
"Clapham High Street", 203, 
"Clapham Junction", 205, 206
"Clapham North", 191, 
"Clapham South", 189, 
"Clapton", 537, 
"Cockfosters", 393, 
"Colindale", 259, 
"Colliers Wood", 181, 
"Coombe Lane", 442, 
"Coulsdon South", 309, 
"Covent Garden", 277, 
"Cricklewood", 256, 
"Crofton Park", 436, 
"Crossharbour", 426, 
"Crouch Hill", 369, 
"Croxley", 41, 
"Crystal Palace", 315, 
"Custom House for ExCeL", 487, 488,
"Cutty Sark for Maritime Greenwich", 429, 
"Cyprus", 483, 
"Dagenham East", 512, 
"Dagenham Heathway", 511, 
"Dalston Junction", 356, 
"Dalston Kingsland", 360, 
"Dartford", 460, 
"Debden", 567, 
"Denmark Hill", 292, 293
"Deptford", 430, 
"Deptford Bridge", 433, 
"Devons Road", 416, 
"Dollis Hill", 127, 
"Dundonald Road", 183, 
"Ealing Broadway", 16, 
"Ealing Common", 15, 
"Earl's Court", 152, 153
"East Acton", 88, 
"East Croydon", 312, 313, 
"East Finchley", 375, 
"East Ham", 505, 
"East India", 497, 
"East Putney", 159, 
"Eastcote", 0, 
"Edgeware", 261, 
"Edgeware Road", 94, 134, 143, 144
"Edmonton Green", 400, 
"Elephant & Castle", 290, 291
"Elmers End", 452, 
"Elm Park", 513, 
"Elstree & Borehamwood", 263, 
"Elverson Road", 434, 
"Embankment", 222, 223
"Emerson Park", 518, 
"Enfield Town", 398, 
"Epping", 569, 
"Euston", 242, 243, 244, 245
"Euston Square", 0, 
"Fairlop", 557, 
"Fieldway", 445, 
"Finchley Central", 376, 
"Finchley Road", 136, 138
"Finchley Road & Frognal", 137, 253
"Finsbury Park", 366, 367, 
"Forest Gate", 529, 
"Forest Hill", 319, 
"Fulham Broadway", 156, 
"Gallions Reach", 482, 
"Gants Hill", 554, 
"George Street", 306, 
"Gidea Park", 522, 
"Gloucester Road", 212, 213
"Golders Green", 267, 
"Goldhawk Road", 84, 
"Goodge Street", 238, 
"Goodmayes", 525, 
"Gospel Oak", 269, 270 
"Grange Hill", 559, 
"Gravel Hill", 443, 
"Great Portland Street", 241, 
"Green Park", 227, 
"Greenford", 56, 
"Greenwich", 431, 432, 
"Gunnersbury", 68, 73
"Hackbridge", 172, 
"Hackney Central", 410, 
"Hackney Downs", 408, 409, 
"Hackney Wick", 412, 
"Haggerston", 355, 
"Hainault", 558, 
"Hammersmith", 78, 82, 83
"Hampstead", 268, 
"Hampstead Heath", 252, 
"Hanger Lane", 58, 
"Hanwell", 20, 
"Harlesden", 105, 
"Harold Wood", 521, 
"Harringay Green Lanes", 386, 
"Harrington Road", 453, 
"Harrow & Wealdstone", 113, 
"Harrow-on-the Hill", 48, 
"Hatch End", 115, 
"Hatton Cross", 7, 
"Haydons Road", 185, 
"Hayes & Harlington", 22, 
"Headstone Lane", 114, 
"Heathrow Terminals 2 & 3", 5, 6 
"Heathrow Terminal 4", 1, 2
"Heathrow Terminal 5", 3, 4
"Hendon", 258, 
"Hendon Central", 265, 
"Herne Hill", 197, 
"Heron Quays", 424, 
"High Barnet", 381, 
"High Street Kensington", 0, 
"Highams Park", 544, 
"Highbury & Islington", 358, 361,
"Highgate", 374, 
"Hillingdon", 33, 
"Holborn", 276, 
"Holland Park", 147, 
"Holloway Road", 364, 
"Homerton", 411, 
"Honor Oak Park", 320, 
"Hornchurch", 514, 
"Hounslow Central", 9, 
"Hounslow East", 10, 
"Hounslow West", 8, 
"Hoxton", 354, 
"Hyde Park Corner", 228, 
"Ickenham", 34, 
"IFS Cloud Greenwich Peninsula", 470, 
"IFS Cloud Royal Docks", 493, 
"Ilford", 527, 
"Imperial Wharf ", 207, 
"Island Gardens", 428, 
"Kennington", 200, 201, 
"Kensal Green", 99, 
"Kensal Rise", 130, 
"Kensington (Olympia)", 150, 151
"Kentish Town", 370, 
"Kentish Town West", 271, 
"Kenton", 112, 
"Kew Gardens ", 69, 72
"Kilburn", 129, 
"Kilburn High Road", 133, 
"Kilburn Park", 97, 
"King George V", 489, 
"King Henry's Drive", 446, 
"King's Cross & St Pancras International", 246, 247, 
"Kingsbury", 123, 
"Knightsbridge", 229, 
"Ladbroke Grove", 91, 
"Lambeth North", 289, 
"Lancaster Gate", 231, 
"Langdon Park", 417, 
"Langley", 25, 
"Latimer Road", 90, 
"Lebanon Road", 439, 
"Leicester Square", 225, 
"Lewisham", 435, 
"Leyton", 535, 
"Leyton Midland Road", 549, 
"Leytonstone", 551, 
"Leytonstone High Road", 550, 
"Limehouse", 336, 
"Liverpool Street", 343, 344, 
"Lloyd Park", 441, 
"London Bridge", 330, 331, 
"London City Airport", 490, 
"London Fields", 353, 
"Loughborough Junction", 198, 
"Loughton", 566, 
"Maida Vale", 96, 
"Manor House", 368, 
"Manor Park", 528, 
"Mansion House", 283, 
"Marble Arch", 232, 
"Maryland", 534, 
"Marylebone", 135, 
"Maze Hill", 468, 
"Merton Park", 182, 
"Mile End", 349, 
"Mill Hill Broadway", 262, 
"Mill Hill East", 377, 
"Mitcham", 175, 
"Mitcham Eastfields ", 194, 
"Mitcham Junction", 173, 174
"Monument", 0, 
"Moor Park", 44, 
"Moorgate ", 340, 
"Morden", 179, 
"Morden Road", 178, 
"Morden South", 166, 
"Mornington Crescent", 248, 
"Mudchute", 427, 
"Neasden", 126, 
"New Addington", 447, 
"New Barnet", 0, 
"New Cross", 234, 
"New Cross Gate", 323, 
"New Southgate", 385, 
"Newbury Park", 555, 
"Nine Elms", 209, 
"North Acton", 89, 
"North Ealing", 60, 
"North Greenwich", 469, 
"North Harrow", 47, 
"North Wembley", 108, 
"Northfields", 12, 
"Northolt", 55, 
"Northwick Park", 110, 
"Northwood", 44, 
"Northwood Hills", 45, 
"Northwood Junction", 314, 
"Notting Hill Gate", 231, 
"Nunhead", 322, 
"Oakleigh Park", 384, 
"Oakwood", 392, 
"Old Street", 341, 
"Orpington ", 458, 
"Osterley ", 10, 
"Oval", 199, 
"Oxford Circus", 235, 
"Paddington", 145, 
"Park Royal", 59, 
"Parsons Green", 157, 
"Peckham Rye", 294, 
"Penge West", 317, 
"Perivale", 57, 
"Petts Wood", 462, 
"Phipps Bridge", 177, 
"Piccadilly Circus", 226, 
"Pimlico", 211, 
"Pinner", 46, 
"Plaistow", 503, 
"Plumstead ", 476, 
"Pontoon Dock", 491, 
"Poplar", 419, 
"Preston Road", 111, 
"Prince Regent", 486, 
"Pudding Mill Lane", 414, 
"Purley", 310, 
"Putney Bridge", 158, 
"Queen's Park", 98, 
"Queens Road Peckham", 295, 
"Queensbury", 122, 
"Queensway", 230, 
"Ravensbourne", 466, 
"Ravenscourt Park", 77, 
"Rayners Lane", 50, 
"Reading", 31, 
"Rectory Road", 407, 
"Redbridge", 553, 
"Reeves Corner", 301, 
"Regent's Park", 240, 
"Richmond", 70, 71
"Rickmansworth", 42, 
"Roding Valley", 561, 
"Romford", 523, 
"Rotherhithe", 327, 
"Royal Albert", 485, 
"Royal Oak", 93, 
"Royal Victoria", 494, 
"Ruislip", 52, 
"Ruislip Gardens", 53, 
"Ruislip Manor", 51, 
"Russell Square", 274, 275
"St Helier", 167, 
"St James Street", 538, 
"St James's Park", 219, 
"St John's Wood", 140, 
"St Mary Cray", 461, 
"St Paul's", 280, 
"Sandilands", 440, 
"Seven Kings", 526, 
"Seven Sisters", 404, 
"Shadwell", 335, 338
"Shenfield", 519, 
"Shepherd's Bush", 148, 149
"Shepherd's Bush Market", 85, 
"Shoreditch High Street", 350, 
"Shortlands", 465, 
"Silver Street", 401, 
"Slade Green ", 478, 
"Sloane Square", 216, 
"Slough ", 26, 
"Snaresbrook", 562, 
"South Acton", 64, 
"West Croydon", 303, 304
"South Croydon", 311, 
"South Ealing", 13, 
"South Hampstead", 0, 
"South Harrow", 104, 
"South Kensington", 214, 215
"South Kenton", 109, 
"South Merton", 165, 
"South Quay", 425, 
"South Ruislip", 54, 
"South Tottenham", 540, 
"South Wimbledon", 180, 
"South Woodford", 563, 
"Southall", 21, 
"Southbury", 397, 
"Southfields", 160, 
"Southgate", 391, 
"Southwark", 288, 
"Stamford Brook", 76, 
"Stamford Hill", 405, 
"Stanmore", 121, 
"Star Lane", 502, 
"Stepney Green", 348, 
"Stockwell", 202, 
"Stoke Newington", 406, 
"Stonebridge Park", 106, 
"Stratford", 413, 
"Stratford High Street", 533, 
"Stratford International", 536, 
"Streatham", 195, 
"Sudbury Hill", 103, 
"Sudbury Town", 102, 
"Surrey Quays", 325, 
"Sutton ", 170, 
"Sutton Common", 168, 
"Swanley ", 460, 
"Swiss Cottage", 139, 
"Sydenham", 318, 
"Taplow", 28, 
"Temple", 285, 
"Theobalds Grove", 395, 
"Therapia Lane", 297, 
"Theydon Bois", 568, 
"Tooting", 193, 
"Tooting Bec", 187, 
"Tooting Broadway", 186, 
"Tottenham Court Road", 236, 237 
"Tottenham Hale", 539, 
"Totteridge & Whetstone", 380, 
"Tower Gateway", 333, 
"Tower Hill ", 332, 
"Tufnell Park", 371, 
"Tulse Hill", 196, 
"Turkey Street", 396, 
"Turnham Green", 74, 75, 
"Turnpike Lane", 387, 
"Twyford", 30, 
"Upminster", 516, 517, 
"Upminster Bridge", 515, 
"Upney", 509, 
"Upper Holloway", 372, 
"Upton Park", 504, 
"Uxbridge", 32, 
"Vauxhall", 210, 
"Victoria", 217, 218, 
"Waddon Marsh", 299, 
"Walthamstow Central", 546, 547
"Walthamstow Queen's Road", 548, 
"Wandle Park", 300, 
"Wandsworth Road", 204, 
"Wanstead", 552, 
"Wanstead Park", 530, 
"Wapping", 334, 
"Warren Street", 239, 
"Warwick Avenue", 95, 
"Waterloo", 286. 287, 
"Watford", 40, 
"Watford High Street", 118, 
"Watford Junction", 119, 
"Wellesley Road", 305, 
"Wembley Central", 107, 
"Wembley Park", 124, 
"West Acton", 62, 
"West Brompton", 154, 155
"West Drayton", 23, 
"West Ealing", 19, 
"West Finchley", 378, 
"West Ham", 500, 501 
"West Hampstead", 254, 
"West Hampstead Thameslink", 255, 
"West Harrow", 49, 
"West India Quay", 420, 421 
"West Kensington", 80, 
"West Ruislip", 35, 
"West Silvertown", 492, 
"West Sutton", 169, 
"Westbourne Park", 92, 
"Westcombe Park", 471, 
"Westferry", 337, 
"Westminster", 221, 220
"White City", 87, 
"White Hart Lane", 402, 
"Whitechapel", 345, 346
"Willesden Green", 128, 
"Willesden Junction", 100, 
"Wimbledon", 162, 184, 
"Wimbledon Chase", 164, 
"Wimbledon Park", 161, 163, 184
"Wood Green", 388, 
"Wood Lane", 86, 
"Wood Street", 545, 
"Woodford", 564, 
"Woodgrange Park", 531, 
"Woodside", 450, 
"Woodside Park", 379, 
"Woolwich", 475, 
"Woolwich Arsenal", 473, 474